{"hcd-1-test-0": [[114.22579335126669, 30.722909480523576], [114.22604815650243, 30.722515967856573], [114.22596945396904, 30.722465006809422], [114.2257146487333, 30.722858519476425]], "hcd-1-test-1": [[114.22604815650243, 30.722515967856573], [114.22630296173817, 30.722122455189574], [114.22622425920478, 30.722071494142423], [114.22596945396904, 30.722465006809422]], "hcd-1-test-2": [[114.22630296173817, 30.722122455189574], [114.22655776697391, 30.72172894252257], [114.22647906444053, 30.72167798147542], [114.22622425920478, 30.722071494142423]], "hcd-1-test-3": [[114.22655776697391, 30.72172894252257], [114.22681257220965, 30.721335429855568], [114.22673386967627, 30.721284468808417], [114.22647906444053, 30.72167798147542]], "hcd-1-test-4": [[114.22681257220965, 30.721335429855568], [114.2270673774454, 30.72094191718857], [114.22698867491201, 30.720890956141417], [114.22673386967627, 30.721284468808417]], "hcd-1-test-5": [[114.2270673774454, 30.72094191718857], [114.22732218268115, 30.720548404521566], [114.22724348014776, 30.720497443474414], [114.22698867491201, 30.720890956141417]], "hcd-1-test-6": [[114.22732218268115, 30.720548404521566], [114.22757698791689, 30.720154891854563], [114.2274982853835, 30.72010393080741], [114.22724348014776, 30.720497443474414]], "hcd-1-test-7": [[114.22757698791689, 30.720154891854563], [114.22783179315263, 30.71976137918756], [114.22775309061925, 30.71971041814041], [114.2274982853835, 30.72010393080741]], "hcd-1-test-8": [[114.22783179315263, 30.71976137918756], [114.22802407220966, 30.71946442985557], [114.22794536967628, 30.71941346880842], [114.22775309061925, 30.71971041814041]], "hcd-1-test-9": [[114.22802407220968, 30.71946442985557], [114.22821635126671, 30.719167480523577], [114.2281376487333, 30.719116519476426], [114.22794536967626, 30.71941346880842]], "hcd-1-test-10": [[114.22821660552259, 30.719167083497634], [114.22834960552258, 30.71895708349763], [114.2282703944774, 30.718906916502366], [114.22813739447741, 30.71911691650237]], "hcd-1-test-11": [[114.22834922621249, 30.718957672622114], [114.22860595243365, 30.71856541049723], [114.22852750000867, 30.718514065253], [114.2282707737875, 30.718906327377884]], "hcd-1-test-12": [[114.22860595243365, 30.71856541049723], [114.22886267865482, 30.718173148372344], [114.22878422622983, 30.718121803128113], [114.22852750000867, 30.718514065253]], "hcd-1-test-13": [[114.22886267865482, 30.718173148372344], [114.22911940487597, 30.71778088624746], [114.22904095245099, 30.71772954100323], [114.22878422622983, 30.718121803128113]], "hcd-1-test-14": [[114.22911940487597, 30.71778088624746], [114.22937613109714, 30.717388624122574], [114.22929767867215, 30.717337278878343], [114.22904095245099, 30.71772954100323]], "hcd-1-test-15": [[114.22937613109714, 30.717388624122574], [114.22963285731831, 30.71699636199769], [114.22955440489332, 30.71694501675346], [114.22929767867215, 30.717337278878343]], "hcd-1-test-16": [[114.22963285731831, 30.71699636199769], [114.2298500417654, 30.7166645173099], [114.22977158934042, 30.71661317206567], [114.22955440489332, 30.71694501675346]], "hcd-1-test-17": [[114.2298500417654, 30.7166645173099], [114.2300672262125, 30.716332672622116], [114.22998877378751, 30.716281327377885], [114.22977158934042, 30.71661317206567]]}