{"hcdd-1-test-0": [[114.22346634072561, 30.705282940401545], [114.22352634072561, 30.705323940401545], [114.2235836592744, 30.705240059598456], [114.22352365927439, 30.705199059598456]], "hcdd-1-test-1": [[114.22353081491796, 30.705326670270836], [114.22397751762632, 30.705568521091283], [114.2240258877904, 30.705479180549613], [114.22357918508204, 30.705237329729165]], "hcdd-1-test-2": [[114.22397751762632, 30.705568521091283], [114.22442422033468, 30.705810371911728], [114.22447259049876, 30.705721031370057], [114.2240258877904, 30.705479180549613]], "hcdd-1-test-3": [[114.22442422033468, 30.705810371911728], [114.22487092304304, 30.706052222732175], [114.22491929320712, 30.705962882190505], [114.22447259049876, 30.705721031370057]], "hcdd-1-test-4": [[114.22487092304304, 30.706052222732175], [114.2253176257514, 30.706294073552623], [114.22536599591548, 30.706204733010953], [114.22491929320712, 30.705962882190505]], "hcdd-1-test-5": [[114.2253176257514, 30.706294073552623], [114.22574022033469, 30.70652287191173], [114.22578859049877, 30.70643353137006], [114.22536599591548, 30.706204733010953]], "hcdd-1-test-6": [[114.22574022033469, 30.70652287191173], [114.22616281491796, 30.706751670270837], [114.22621118508204, 30.706662329729166], [114.22578859049877, 30.70643353137006]], "hcdd-1-test-7": [[114.22616288449353, 30.706751707869984], [114.22660996319334, 30.706992862934587], [114.22665819420627, 30.706903447194623], [114.22621111550646, 30.70666229213002]], "hcdd-1-test-8": [[114.22660996319334, 30.706992862934587], [114.22705704189315, 30.70723401799919], [114.22710527290607, 30.707144602259227], [114.22665819420627, 30.706903447194623]], "hcdd-1-test-9": [[114.22705704189315, 30.70723401799919], [114.22750412059295, 30.707475173063795], [114.22755235160588, 30.70738575732383], [114.22710527290607, 30.707144602259227]], "hcdd-1-test-10": [[114.22750412059295, 30.707475173063795], [114.22795119929276, 30.7077163281284], [114.22799943030569, 30.707626912388434], [114.22755235160588, 30.70738575732383]], "hcdd-1-test-11": [[114.22795119929276, 30.7077163281284], [114.22839827799258, 30.707957483193002], [114.22844650900551, 30.707868067453038], [114.22799943030569, 30.707626912388434]], "hcdd-1-test-12": [[114.22839827799258, 30.707957483193002], [114.22884535669239, 30.708198638257606], [114.22889358770531, 30.708109222517642], [114.22844650900551, 30.707868067453038]], "hcdd-1-test-13": [[114.22884535669239, 30.708198638257606], [114.2292924353922, 30.70843979332221], [114.22934066640512, 30.708350377582246], [114.22889358770531, 30.708109222517642]], "hcdd-1-test-14": [[114.2292924353922, 30.70843979332221], [114.22965015994286, 30.708632750596095], [114.22969839095579, 30.70854333485613], [114.22934066640512, 30.708350377582246]], "hcdd-1-test-15": [[114.22965015994286, 30.708632750596095], [114.23000788449353, 30.70882570786998], [114.23005611550646, 30.708736292130016], [114.22969839095579, 30.70854333485613]], "hcdd-1-test-16": [[114.23000819946995, 30.70882587634187], [114.23045696288867, 30.709063881642297], [114.23050456394876, 30.708974128958555], [114.23005580053004, 30.708736123658127]], "hcdd-1-test-17": [[114.23045696288867, 30.709063881642297], [114.23090572630737, 30.709301886942725], [114.23095332736746, 30.709212134258983], [114.23050456394876, 30.708974128958555]], "hcdd-1-test-18": [[114.23090572630737, 30.709301886942725], [114.23135448972609, 30.709539892243154], [114.23140209078618, 30.70945013955941], [114.23095332736746, 30.709212134258983]], "hcdd-1-test-19": [[114.23135448972609, 30.709539892243154], [114.23164484459802, 30.709693884292513], [114.23169244565811, 30.70960413160877], [114.23140209078618, 30.70945013955941]], "hcdd-1-test-20": [[114.23164484459802, 30.709693884292513], [114.23193519946996, 30.709847876341872], [114.23198280053005, 30.70975812365813], [114.23169244565811, 30.70960413160877]], "hcdd-1-test-21": [[114.23193427873443, 30.709847375785273], [114.23237803658715, 30.710094588440995], [114.2324274791183, 30.71000583687045], [114.23198372126558, 30.70975862421473]], "hcdd-1-test-22": [[114.23237803658715, 30.710094588440995], [114.23282179443989, 30.710341801096718], [114.23287123697104, 30.710253049526173], [114.2324274791183, 30.71000583687045]], "hcdd-1-test-23": [[114.23282179443989, 30.710341801096718], [114.23317503658716, 30.710538588440997], [114.2332244791183, 30.710449836870453], [114.23287123697104, 30.710253049526173]], "hcdd-1-test-24": [[114.23317503658716, 30.710538588440997], [114.23352827873443, 30.710735375785273], [114.23357772126558, 30.71064662421473], [114.2332244791183, 30.710449836870453]], "hcdd-1-test-25": [[114.23353625304895, 30.71073895717799], [114.23359925304895, 30.71076095717799], [114.23363274695105, 30.710665042822008], [114.23356974695105, 30.71064304282201]], "hcdd-1-test-26": [[114.23359156949866, 30.710757536523143], [114.23398806949866, 30.710975036523145], [114.23403693050135, 30.710885963476855], [114.23364043050134, 30.710668463476853]], "hcdd-1-test-27": [[114.23398806949866, 30.710975036523145], [114.23438456949866, 30.711192536523146], [114.23443343050134, 30.711103463476856], [114.23403693050135, 30.710885963476855]], "hcdd-1-test-28": [[114.23438444430528, 30.711192467619085], [114.23482912049613, 30.711438024566245], [114.23487823188557, 30.711349089328078], [114.23443355569472, 30.711103532380918]], "hcdd-1-test-29": [[114.23482912049613, 30.711438024566245], [114.2352387824007, 30.711664246092667], [114.23528789379014, 30.7115753108545], [114.23487823188557, 30.711349089328078]], "hcdd-1-test-30": [[114.2352387824007, 30.711664246092667], [114.23564844430528, 30.711890467619085], [114.23569755569473, 30.711801532380917], [114.23528789379014, 30.7115753108545]], "hcdd-1-test-31": [[114.23564942056665, 30.71189099290625], [114.2360993496291, 30.712126787239857], [114.23614650849582, 30.712036801427363], [114.23569657943337, 30.711801007093754]], "hcdd-1-test-32": [[114.2360993496291, 30.712126787239857], [114.23633138509787, 30.71224839007305], [114.23637854396459, 30.712158404260556], [114.23614650849582, 30.712036801427363]], "hcdd-1-test-33": [[114.23633138509787, 30.71224839007305], [114.23656342056664, 30.712369992906247], [114.23661057943336, 30.712280007093753], [114.23637854396459, 30.712158404260556]], "hcdd-1-test-34": [[114.23656287247435, 30.712369701384723], [114.23692137247434, 30.712563201384725], [114.23696962752564, 30.712473798615278], [114.23661112752565, 30.712280298615276]], "hcdd-1-test-35": [[114.23692137247434, 30.712563201384725], [114.23727987247435, 30.712756701384723], [114.23732812752564, 30.712667298615276], [114.23696962752564, 30.712473798615278]], "hcdd-1-test-36": [[114.23728016452164, 30.7127568577893], [114.23772874241467, 30.712995212572952], [114.23777641337139, 30.71290549699435], [114.23732783547835, 30.712667142210698]], "hcdd-1-test-37": [[114.23772874241467, 30.712995212572952], [114.2381773203077, 30.713233567356607], [114.23822499126442, 30.713143851778003], [114.23777641337139, 30.71290549699435]], "hcdd-1-test-38": [[114.2381773203077, 30.713233567356607], [114.23862589820074, 30.713471922140258], [114.23867356915746, 30.713382206561654], [114.23822499126442, 30.713143851778003]], "hcdd-1-test-39": [[114.23862589820074, 30.713471922140258], [114.23907447609376, 30.71371027692391], [114.23912214705048, 30.713620561345305], [114.23867356915746, 30.713382206561654]], "hcdd-1-test-40": [[114.23907447609376, 30.71371027692391], [114.2395230539868, 30.71394863170756], [114.23957072494352, 30.713858916128956], [114.23912214705048, 30.713620561345305]], "hcdd-1-test-41": [[114.2395230539868, 30.71394863170756], [114.23986860925423, 30.71413224474843], [114.23991628021095, 30.714042529169827], [114.23957072494352, 30.713858916128956]],