{"qyl-2-test-0": [[114.22274658958814, 30.7275227365769], [114.22295958958814, 30.7277337365769], [114.22302841041186, 30.7276642634231], [114.22281541041185, 30.7274532634231]], "qyl-2-test-1": [[114.22296446860852, 30.72773796925886], [114.22322046860852, 30.72793196925886], [114.22327953139147, 30.727854030741142], [114.22302353139148, 30.72766003074114]], "qyl-2-test-2": [[114.22321928951587, 30.72793104697601], [114.22359975927597, 30.728238151817305], [114.22366118024422, 30.728162057865287], [114.22328071048412, 30.727854953023993]], "qyl-2-test-3": [[114.22359975927597, 30.728238151817308], [114.22398022903609, 30.728545256658606], [114.22404165000434, 30.72846916270658], [114.22366118024422, 30.728162057865283]], "qyl-2-test-4": [[114.22398022903609, 30.728545256658602], [114.22436069879619, 30.728852361499897], [114.22442211976444, 30.72877626754788], [114.22404165000434, 30.728469162706585]], "qyl-2-test-5": [[114.22436069879619, 30.728852361499897], [114.22474116855629, 30.729159466341194], [114.22480258952454, 30.729083372389177], [114.22442211976444, 30.72877626754788]], "qyl-2-test-6": [[114.22474116855629, 30.729159466341194], [114.22505372903608, 30.7294117566586], [114.22511515000433, 30.729335662706582], [114.22480258952454, 30.729083372389177]], "qyl-2-test-7": [[114.22505372903608, 30.729411756658603], [114.22536628951588, 30.729664046976012], [114.22542771048413, 30.729587953023987], [114.22511515000433, 30.72933566270658]], "qyl-2-test-8": [[114.22536631326234, 30.72966406613128], [114.22574697457515, 30.7299709335079], [114.22580834805046, 30.729894801245337], [114.22542768673766, 30.729587933868718]], "qyl-2-test-9": [[114.22574697457515, 30.7299709335079], [114.22612763588796, 30.730277800884522], [114.22618900936328, 30.73020166862196], [114.22580834805046, 30.729894801245337]], "qyl-2-test-10": [[114.22612763588796, 30.730277800884522], [114.22650829720077, 30.73058466826114], [114.22656967067608, 30.730508535998577], [114.22618900936328, 30.73020166862196]], "qyl-2-test-11": [[114.22650829720077, 30.73058466826114], [114.22688895851357, 30.730891535637763], [114.22695033198889, 30.7308154033752], [114.22656967067608, 30.730508535998577]], "qyl-2-test-12": [[114.22688895851357, 30.730891535637763], [114.22726961982639, 30.731198403014382], [114.2273309933017, 30.73112227075182], [114.22695033198889, 30.7308154033752]], "qyl-2-test-13": [[114.22726961982639, 30.731198403014382], [114.22757146654436, 30.731441734572833], [114.22763284001968, 30.73136560231027], [114.2273309933017, 30.73112227075182]], "qyl-2-test-14": [[114.22757146654436, 30.731441734572833], [114.22787331326234, 30.73168506613128], [114.22793468673765, 30.731608933868717], [114.22763284001968, 30.73136560231027]]}