{"qyl-1-test-0": [[114.21492254073962, 30.72306390547563], [114.21528254073962, 30.723197905475633], [114.21531745926038, 30.72310409452437], [114.21495745926038, 30.722970094524367]], "qyl-1-test-1": [[114.21528114265101, 30.723197361080725], [114.21574475345824, 30.723385934570697], [114.21578246815622, 30.72329321240925], [114.21531885734899, 30.723104638919278]], "qyl-1-test-2": [[114.21574475345824, 30.723385934570697], [114.21620836426546, 30.72357450806067], [114.21624607896344, 30.72348178589922], [114.21578246815622, 30.72329321240925]], "qyl-1-test-3": [[114.21620836426546, 30.72357450806067], [114.21667197507269, 30.72376308155064], [114.21670968977067, 30.723670359389192], [114.21624607896344, 30.72348178589922]], "qyl-1-test-4": [[114.21667197507269, 30.72376308155064], [114.2171355858799, 30.723951655040615], [114.21717330057788, 30.723858932879168], [114.21670968977067, 30.723670359389192]], "qyl-1-test-5": [[114.2171355858799, 30.723951655040615], [114.21761586426545, 30.72414700806067], [114.21765357896344, 30.72405428589922], [114.21717330057788, 30.723858932879168]], "qyl-1-test-6": [[114.21761586426545, 30.72414700806067], [114.218096142651, 30.724342361080723], [114.21813385734899, 30.724249638919275], [114.21765357896344, 30.72405428589922]], "qyl-1-test-7": [[114.21809057638677, 30.72433968565593], [114.21852743294608, 30.72458392178817], [114.21857628017253, 30.724496550476307], [114.21813942361322, 30.724252314344067]], "qyl-1-test-8": [[114.21852743294608, 30.724583921788167], [114.21896428950538, 30.72482815792041], [114.21901313673183, 30.724740786608553], [114.21857628017253, 30.72449655047631]], "qyl-1-test-9": [[114.21896428950538, 30.72482815792041], [114.21940114606467, 30.72507239405265], [114.21944999329112, 30.724985022740793], [114.21901313673183, 30.724740786608553]], "qyl-1-test-10": [[114.21940114606467, 30.725072394052653], [114.21967686122572, 30.72522653985429], [114.21972570845217, 30.725139168542427], [114.21944999329112, 30.72498502274079]], "qyl-1-test-11": [[114.21967686122572, 30.725226539854287], [114.21995257638677, 30.725380685655928], [114.22000142361323, 30.72529331434407], [114.21972570845217, 30.72513916854243]], "qyl-1-test-12": [[114.2199505518252, 30.725379490510317], [114.2200485518252, 30.725440490510316], [114.22010144817479, 30.72535550948968], [114.2200034481748, 30.725294509489682]], "qyl-1-test-13": [[114.22004403211099, 30.725437318434196], [114.22043721645295, 30.725746997324222], [114.22049915223096, 30.725668360455828], [114.220105967889, 30.7253586815658]], "qyl-1-test-14": [[114.22043721645295, 30.725746997324222], [114.22083040079492, 30.726056676214252], [114.22089233657293, 30.725978039345858], [114.22049915223096, 30.725668360455828]], "qyl-1-test-15": [[114.22083040079492, 30.726056676214252], [114.22107521645296, 30.726249497324226], [114.22113715223097, 30.72617086045583], [114.22089233657293, 30.725978039345858]], "qyl-1-test-16": [[114.22107521645296, 30.726249497324226], [114.221320032111, 30.7264423184342], [114.221381967889, 30.726363681565804], [114.22113715223097, 30.72617086045583]], "qyl-1-test-17": [[114.22131957288394, 30.726441952352868], [114.2217090964126, 30.726756223513362], [114.22177195064471, 30.72667831880763], [114.22138242711605, 30.726364047647134]], "qyl-1-test-18": [[114.22170909641261, 30.726756223513362], [114.22209861994128, 30.727070494673857], [114.22216147417336, 30.726992589968123], [114.2217719506447, 30.72667831880763]], "qyl-1-test-19": [[114.22209861994128, 30.727070494673857], [114.22234059641262, 30.727265723513362], [114.2224034506447, 30.72718781880763], [114.22216147417336, 30.726992589968123]], "qyl-1-test-20": [[114.22234059641261, 30.727265723513362], [114.22258257288394, 30.727460952352867], [114.22264542711605, 30.727383047647134], [114.22240345064472, 30.72718781880763]]}