{"xll-2-test-0": [[114.22281457749203, 30.72059620736729], [114.22297357749203, 30.720756207367288], [114.22304242250796, 30.72068779263271], [114.22288342250796, 30.720527792632712]], "xll-2-test-1": [[114.2229777719053, 30.72075996465887], [114.22335741849403, 30.721062245605694], [114.2234178746834, 30.72098631628795], [114.22303822809468, 30.720684035341126]], "xll-2-test-2": [[114.22335741849403, 30.721062245605694], [114.22373706508274, 30.721364526552517], [114.22379752127212, 30.72128859723477], [114.2234178746834, 30.72098631628795]], "xll-2-test-3": [[114.22373706508274, 30.721364526552517], [114.22393891849403, 30.721525245605694], [114.2239993746834, 30.72144931628795], [114.22379752127212, 30.72128859723477]], "xll-2-test-4": [[114.22393891849403, 30.721525245605694], [114.22414077190531, 30.72168596465887], [114.22420122809469, 30.721610035341126], [114.2239993746834, 30.72144931628795]], "xll-2-test-5": [[114.22413975198002, 30.721685129695377], [114.2245110489338, 30.721997609895144], [114.22457354497377, 30.721923350504387], [114.22420224801998, 30.72161087030462]], "xll-2-test-6": [[114.2245110489338, 30.721997609895144], [114.2248823458876, 30.722310090094915], [114.22494484192755, 30.722235830704157], [114.22457354497377, 30.721923350504387]], "xll-2-test-7": [[114.2248823458876, 30.722310090094915], [114.22522754893382, 30.722600609895146], [114.22529004497378, 30.72252635050439], [114.22494484192755, 30.722235830704157]], "xll-2-test-8": [[114.22522754893382, 30.722600609895146], [114.22557275198002, 30.72289112969538], [114.22563524801998, 30.722816870304623], [114.22529004497378, 30.72252635050439]], "xll-2-test-9": [[114.22556816211971, 30.72288672154287], [114.2256731621197, 30.723001721542868], [114.22574483788028, 30.72293627845713], [114.2256398378803, 30.722821278457133]]}