{"xll-1-test-0": [[114.22567461565872, 30.722987486852094], [114.22597561565871, 30.723239486852094], [114.22603838434128, 30.723164513147907], [114.22573738434129, 30.722912513147907]], "xll-1-test-1": [[114.2259755890248, 30.723239464537833], [114.22635023440313, 30.72355357428985], [114.22641305635352, 30.723478645214183], [114.22603841097519, 30.723164535462168]], "xll-1-test-2": [[114.22635023440313, 30.72355357428985], [114.22672487978146, 30.72386768404186], [114.22678770173185, 30.723792754966194], [114.22641305635352, 30.723478645214183]], "xll-1-test-3": [[114.22672487978146, 30.72386768404186], [114.2270995251598, 30.724181793793875], [114.2271623471102, 30.72410686471821], [114.22678770173185, 30.723792754966194]], "xll-1-test-4": [[114.2270995251598, 30.724181793793875], [114.22747417053813, 30.724495903545886], [114.22753699248852, 30.72442097447022], [114.2271623471102, 30.72410686471821]], "xll-1-test-5": [[114.22747417053813, 30.724495903545886], [114.22784881591646, 30.7248100132979], [114.22791163786685, 30.724735084222235], [114.22753699248852, 30.72442097447022]], "xll-1-test-6": [[114.22784881591646, 30.7248100132979], [114.22822346129479, 30.725124123049913], [114.22828628324518, 30.725049193974247], [114.22791163786685, 30.724735084222235]], "xll-1-test-7": [[114.22822346129479, 30.725124123049913], [114.22859810667312, 30.725438232801928], [114.22866092862351, 30.72536330372626], [114.22828628324518, 30.725049193974247]], "xll-1-test-8": [[114.22859810667312, 30.725438232801928], [114.22897275205146, 30.72575234255394], [114.22903557400186, 30.725677413478273], [114.22866092862351, 30.72536330372626]], "xll-1-test-9": [[114.22897275205146, 30.72575234255394], [114.22934739742979, 30.726066452305954], [114.22941021938018, 30.725991523230288], [114.22903557400186, 30.725677413478273]], "xll-1-test-10": [[114.22934739742979, 30.726066452305954], [114.22972204280812, 30.726380562057965], [114.22978486475851, 30.7263056329823], [114.22941021938018, 30.725991523230288]], "xll-1-test-11": [[114.22972204280812, 30.726380562057965], [114.23009668818645, 30.72669467180998], [114.23015951013684, 30.726619742734314], [114.22978486475851, 30.7263056329823]], "xll-1-test-12": [[114.23009668818645, 30.72669467180998], [114.23047133356478, 30.727008781561995], [114.23053415551517, 30.72693385248633], [114.23015951013684, 30.726619742734314]], "xll-1-test-13": [[114.23047133356478, 30.727008781561995], [114.23084597894311, 30.727322891314007], [114.2309088008935, 30.72724796223834], [114.23053415551517, 30.72693385248633]], "xll-1-test-14": [[114.23084597894311, 30.727322891314007], [114.23122062432145, 30.72763700106602], [114.23128344627185, 30.727562071990356], [114.2309088008935, 30.72724796223834]], "xll-1-test-15": [[114.23122062432145, 30.72763700106602], [114.23148210667313, 30.727856232801926], [114.23154492862352, 30.72778130372626], [114.23128344627185, 30.727562071990356]], "xll-1-test-16": [[114.23148210667313, 30.727856232801926], [114.2317435890248, 30.728075464537834], [114.2318064109752, 30.72800053546217], [114.23154492862352, 30.72778130372626]]}