{"yellowflower-1-test-0": [[114.21087798791982, 30.73251122415195], [114.21101022943931, 30.7320313449538], [114.21091425359968, 30.7320048966499], [114.21078201208019, 30.73248477584805]], "yellowflower-1-test-1": [[114.21101022943931, 30.7320313449538], [114.21112460867955, 30.731616284552874], [114.21102863283993, 30.731589836248975], [114.21091425359968, 30.7320048966499]], "yellowflower-1-test-2": [[114.21112460867955, 30.731616284552874], [114.21123898791981, 30.73120122415195], [114.21114301208019, 30.73117477584805], [114.21102863283993, 30.731589836248975]], "yellowflower-1-test-3": [[114.21117131358959, 30.731233718310204], [114.21162849669162, 30.731430582414372], [114.21166786951244, 30.731339145793964], [114.21121068641041, 30.731142281689795]], "yellowflower-1-test-4": [[114.21162849669162, 30.731430582414372], [114.21208567979366, 30.73162744651854], [114.21212505261448, 30.731536009898132], [114.21166786951244, 30.731339145793964]], "yellowflower-1-test-5": [[114.21208567979366, 30.73162744651854], [114.21254286289569, 30.731824310622706], [114.21258223571651, 30.731732874002297], [114.21212505261448, 30.731536009898132]], "yellowflower-1-test-6": [[114.21254286289569, 30.731824310622706], [114.21300004599772, 30.732021174726874], [114.21303941881854, 30.731929738106466], [114.21258223571651, 30.731732874002297]], "yellowflower-1-test-7": [[114.21300004599772, 30.732021174726874], [114.21342217979365, 30.73220294651854], [114.21346155261448, 30.732111509898132], [114.21303941881854, 30.731929738106466]], "yellowflower-1-test-8": [[114.21342217979365, 30.73220294651854], [114.21384431358959, 30.732384718310204], [114.21388368641041, 30.732293281689795], [114.21346155261448, 30.732111509898132]], "yellowflower-1-test-9": [[114.21385610153, 30.732388146035593], [114.21391210153, 30.732397146035595], [114.21392789847, 30.73229885396441], [114.21387189847, 30.732289853964406]], "yellowflower-1-test-10": [[114.21389974225833, 30.73239346803873], [114.2143544226456, 30.732596045455363], [114.21439493812893, 30.732505109377907], [114.21394025774167, 30.732302531961274]], "yellowflower-1-test-11": [[114.2143544226456, 30.732596045455363], [114.21480910303286, 30.732798622872], [114.2148496185162, 30.732707686794544], [114.21439493812893, 30.732505109377907]], "yellowflower-1-test-12": [[114.21480910303286, 30.732798622872], [114.21511642264561, 30.732935545455362], [114.21515693812894, 30.732844609377906], [114.2148496185162, 30.732707686794544]], "yellowflower-1-test-13": [[114.21511642264561, 30.732935545455362], [114.21542374225834, 30.733072468038728], [114.21546425774167, 30.732981531961272], [114.21515693812894, 30.732844609377906]], "yellowflower-1-test-14": [[114.21541388095913, 30.73306663031693], [114.21548888095913, 30.733123630316932], [114.21554911904087, 30.73304436968307], [114.21547411904088, 30.73298736968307]], "yellowflower-1-test-15": [[114.21549895698365, 30.733129563100626], [114.21595458798988, 30.733329993264146], [114.21599467402258, 30.733238867062898], [114.21553904301635, 30.733038436899378]], "yellowflower-1-test-16": [[114.21595458798988, 30.733329993264146], [114.21641021899613, 30.733530423427663], [114.21645030502883, 30.733439297226415], [114.21599467402258, 30.733238867062898]], "yellowflower-1-test-17": [[114.21641021899613, 30.733530423427663], [114.21686585000236, 30.733730853591183], [114.21690593603506, 30.733639727389935], [114.21645030502883, 30.733439297226415]], "yellowflower-1-test-18": [[114.21686585000236, 30.733730853591183], [114.21732148100861, 30.733931283754703], [114.21736156704131, 30.733840157553455], [114.21690593603506, 30.733639727389935]], "yellowflower-1-test-19": [[114.21732148100861, 30.733931283754703], [114.21775371899614, 30.734121423427663], [114.21779380502883, 30.734030297226415], [114.21736156704131, 30.733840157553455]], "yellowflower-1-test-20": [[114.21775371899614, 30.734121423427663], [114.21818595698365, 30.734311563100626], [114.21822604301634, 30.734220436899378], [114.21779380502883, 30.734030297226415]]}