{"yellowflower-6-test-0": [[114.22213362195411, 30.731945713368418], [114.2218721219541, 30.73225921336842], [114.22180087804588, 30.73219978663158], [114.22206237804589, 30.73188628663158]], "yellowflower-6-test-1": [[114.2218721219541, 30.732259213368415], [114.22161062195411, 30.732572713368416], [114.22153937804589, 30.732513286631583], [114.22180087804588, 30.732199786631583]], "yellowflower-6-test-2": [[114.22152898361432, 30.732548856630903], [114.22153598361432, 30.732603856630902], [114.22162801638568, 30.732592143369097], [114.22162101638568, 30.732537143369097]]}