{"yellowflower-3-test-0": [[114.22350713904329, 30.73298061194924], [114.22358313904328, 30.73296661194924], [114.22356486095671, 30.73286738805076], [114.22348886095672, 30.73288138805076]], "yellowflower-3-test-1": [[114.22360551379175, 30.7329563922397], [114.22380051379176, 30.7328003922397], [114.22373748620825, 30.7327216077603], [114.22354248620825, 30.7328776077603]]}