{"yellowflower-4-test-0": [[114.22329346612145, 30.732545027964445], [114.22351796612145, 30.732665027964448], [114.22356503387854, 30.732576972035556], [114.22334053387854, 30.732456972035553]], "yellowflower-4-test-1": [[114.22351796612145, 30.732665027964448], [114.22374246612145, 30.732785027964447], [114.22378953387854, 30.732696972035555], [114.22356503387854, 30.732576972035556]], "yellowflower-4-test-2": [[114.22374228407416, 30.73278493017135], [114.22401828407416, 30.73293393017135], [114.22406571592583, 30.732846069828653], [114.22378971592583, 30.732697069828653]], "yellowflower-4-test-3": [[114.22401828407416, 30.73293393017135], [114.22429428407416, 30.73308293017135], [114.22434171592583, 30.732995069828654], [114.22406571592583, 30.732846069828653]], "yellowflower-4-test-4": [[114.2242940284319, 30.733082791197926], [114.2245735284319, 30.733235791197927], [114.2246214715681, 30.733148208802078], [114.2243419715681, 30.732995208802077]], "yellowflower-4-test-5": [[114.2245735284319, 30.733235791197927], [114.22485302843191, 30.733388791197925], [114.2249009715681, 30.733301208802075], [114.2246214715681, 30.733148208802078]], "yellowflower-4-test-6": [[114.22484681944809, 30.73338476731546], [114.22507081944808, 30.73355476731546], [114.22513118055191, 30.73347523268454], [114.22490718055192, 30.73330523268454]], "yellowflower-4-test-7": [[114.22507938399447, 30.73356000059331], [114.22530838399447, 30.73367000059331], [114.22535161600553, 30.73357999940669], [114.22512261600552, 30.73346999940669]], "yellowflower-4-test-8": [[114.22529746664793, 30.733662866688473], [114.22551046664793, 30.733845866688473], [114.22557553335207, 30.733770133311527], [114.22536253335207, 30.733587133311527]]}