{"yellowflower-5-test-0": [[114.22300547594865, 30.73255370395816], [114.22331251553024, 30.732188944471684], [114.22323956363294, 30.732127536555364], [114.22293252405136, 30.73249229604184]], "yellowflower-5-test-1": [[114.22331251553024, 30.732188944471684], [114.22361955511182, 30.731824184985207], [114.22354660321453, 30.731762777068887], [114.22323956363294, 30.732127536555364]], "yellowflower-5-test-2": [[114.22361955511182, 30.731824184985207], [114.22392659469341, 30.73145942549873], [114.22385364279612, 30.73139801758241], [114.22354660321453, 30.731762777068887]], "yellowflower-5-test-3": [[114.22392659469341, 30.73145942549873], [114.224233634275, 30.731094666012254], [114.2241606823777, 30.731033258095934], [114.22385364279612, 30.73139801758241]], "yellowflower-5-test-4": [[114.224233634275, 30.731094666012254], [114.22454067385658, 30.730729906525777], [114.22446772195929, 30.730668498609457], [114.2241606823777, 30.731033258095934]], "yellowflower-5-test-5": [[114.22454067385658, 30.730729906525777], [114.22484771343817, 30.7303651470393], [114.22477476154087, 30.73030373912298], [114.22446772195929, 30.730668498609457]], "yellowflower-5-test-6": [[114.22484771343817, 30.730365147039297], [114.2251420946934, 30.730015425498724], [114.2250691427961, 30.72995401758241], [114.22477476154087, 30.730303739122984]], "yellowflower-5-test-7": [[114.2251420946934, 30.730015425498728], [114.22543647594864, 30.729665703958158], [114.22536352405135, 30.72960429604184], [114.2250691427961, 30.729954017582408]]}