{"yellowflower-9-test-0": [[114.21391614616424, 30.73239537588453], [114.21412990500954, 30.73198391424219], [114.21404761268107, 30.73194116247313], [114.21383385383577, 30.73235262411547]], "yellowflower-9-test-1": [[114.21412990500954, 30.731983914242193], [114.21434366385486, 30.731572452599853], [114.21426137152639, 30.731529700830787], [114.21404761268107, 30.731941162473127]], "yellowflower-9-test-2": [[114.21434366385486, 30.73157245259985], [114.21455742270017, 30.73116099095751], [114.2144751303717, 30.73111823918845], [114.21426137152639, 30.73152970083079]], "yellowflower-9-test-3": [[114.21455742270017, 30.73116099095751], [114.21477118154547, 30.73074952931517], [114.214688889217, 30.73070677754611], [114.2144751303717, 30.73111823918845]], "yellowflower-9-test-4": [[114.21477118154547, 30.730749529315172], [114.21498494039079, 30.73033806767283], [114.21490264806232, 30.730295315903764], [114.214688889217, 30.730706777546107]], "yellowflower-9-test-5": [[114.21498494039079, 30.730338067672825], [114.2151986992361, 30.729926606030485], [114.21511640690763, 30.729883854261427], [114.21490264806232, 30.730295315903767]], "yellowflower-9-test-6": [[114.2151986992361, 30.72992660603049], [114.21541245808142, 30.72951514438815], [114.21533016575295, 30.729472392619083], [114.21511640690763, 30.729883854261423]], "yellowflower-9-test-7": [[114.21541245808142, 30.729515144388145], [114.21562621692672, 30.729103682745805], [114.21554392459825, 30.729060930976747], [114.21533016575295, 30.729472392619087]], "yellowflower-9-test-8": [[114.21562621692672, 30.729103682745805], [114.21583997577203, 30.728692221103465], [114.21575768344356, 30.728649469334407], [114.21554392459825, 30.729060930976747]], "yellowflower-9-test-9": [[114.21583997577203, 30.72869222110347], [114.21605373461735, 30.72828075946113], [114.21597144228888, 30.728238007692063], [114.21575768344356, 30.728649469334403]], "yellowflower-9-test-10": [[114.21605373461735, 30.728280759461125], [114.21626749346265, 30.727869297818785], [114.21618520113418, 30.727826546049727], [114.21597144228888, 30.728238007692067]], "yellowflower-9-test-11": [[114.21626749346265, 30.727869297818785], [114.21648125230796, 30.727457836176445], [114.21639895997949, 30.727415084407387], [114.21618520113418, 30.727826546049727]], "yellowflower-9-test-12": [[114.21648125230796, 30.72745783617645], [114.21669501115328, 30.727046374534105], [114.2166127188248, 30.72700362276504], [114.21639895997949, 30.727415084407383]], "yellowflower-9-test-13": [[114.21669501115328, 30.7270463745341], [114.21690876999858, 30.72663491289176], [114.21682647767011, 30.726592161122703], [114.2166127188248, 30.727003622765043]], "yellowflower-9-test-14": [[114.21690876999858, 30.72663491289176], [114.21712252884389, 30.72622345124942], [114.21704023651542, 30.726180699480363], [114.21682647767011, 30.726592161122703]], "yellowflower-9-test-15": [[114.21712252884389, 30.726223451249425], [114.2173362876892, 30.725811989607084], [114.21725399536074, 30.72576923783802], [114.21704023651542, 30.72618069948036]], "yellowflower-9-test-16": [[114.2173362876892, 30.72581198960708], [114.21755004653451, 30.72540052796474], [114.21746775420604, 30.725357776195683], [114.21725399536074, 30.725769237838023]], "yellowflower-9-test-17": [[114.21755004653451, 30.725400527964744], [114.21776380537983, 30.724989066322404], [114.21768151305136, 30.72494631455334], [114.21746775420604, 30.72535777619568]], "yellowflower-9-test-18": [[114.21776380537983, 30.7249890663224], [114.21794347577203, 30.724643221103463], [114.21786118344356, 30.724600469334405], [114.21768151305136, 30.724946314553343]], "yellowflower-9-test-19": [[114.21794347577203, 30.724643221103463], [114.21812314616423, 30.72429737588453], [114.21804085383576, 30.72425462411547], [114.21786118344356, 30.724600469334405]]}