{"yellowflower-7-test-0": [[114.22155478865761, 30.73264148600784], [114.22195028865761, 30.73288548600784], [114.22200271134238, 30.732800513992164], [114.22160721134239, 30.73255651399216]], "yellowflower-7-test-1": [[114.22195028865761, 30.73288548600784], [114.2223457886576, 30.73312948600784], [114.22239821134238, 30.733044513992162], [114.22200271134238, 30.732800513992164]]}