{"yellowflower-8-test-0": [[114.2243635425598, 30.733039591292975], [114.2243335425598, 30.733168591292976], [114.2242424574402, 30.733147408707023], [114.2242724574402, 30.73301840870702]], "yellowflower-8-test-1": [[114.22433036175455, 30.73317779348357], [114.22422336175455, 30.73340679348357], [114.22413863824545, 30.73336720651643], [114.22424563824545, 30.73313820651643]], "yellowflower-8-test-2": [[114.22421728945274, 30.733416485180356], [114.22407428945273, 30.733592485180356], [114.22400171054726, 30.733533514819644], [114.22414471054726, 30.733357514819645]], "yellowflower-8-test-3": [[114.22407268844746, 30.733594353019832], [114.22397868844747, 30.733698353019832], [114.22390931155253, 30.73363564698017], [114.22400331155252, 30.73353164698017]], "yellowflower-8-test-4": [[114.22398346899185, 30.733692069880814], [114.22378846899184, 30.733999069880813], [114.22370953100815, 30.733948930119187], [114.22390453100816, 30.733641930119187]]}