{"yellowflower-2-test-0": [[114.22059802172718, 30.730886052598667], [114.22099854771383, 30.73117583532678], [114.22105650425945, 30.731095730129447], [114.2206559782728, 30.730805947401333]], "yellowflower-2-test-1": [[114.22099854771383, 30.73117583532678], [114.2213990737005, 30.731465618054898], [114.22145703024611, 30.731385512857564], [114.22105650425945, 30.731095730129447]], "yellowflower-2-test-2": [[114.2213990737005, 30.731465618054898], [114.22173454771385, 30.731708335326783], [114.22179250425947, 30.73162823012945], [114.22145703024611, 30.731385512857564]], "yellowflower-2-test-3": [[114.22173454771385, 30.73170833532678], [114.22207002172719, 30.731951052598664], [114.22212797827281, 30.731870947401337], [114.22179250425947, 30.731628230129452]], "yellowflower-2-test-4": [[114.22206880809404, 30.731950145878066], [114.22233330809404, 30.732154145878066], [114.22239369190596, 30.732075854121934], [114.22212919190596, 30.731871854121934]], "yellowflower-2-test-5": [[114.22233330809404, 30.732154145878066], [114.22259780809404, 30.732358145878067], [114.22265819190596, 30.732279854121934], [114.22239369190596, 30.732075854121934]], "yellowflower-2-test-6": [[114.22260183426256, 30.732360944071566], [114.22292083426257, 30.732559944071564], [114.22297316573744, 30.732476055928434], [114.22265416573744, 30.732277055928435]], "yellowflower-2-test-7": [[114.22291734968866, 30.732557557679304], [114.22319284968866, 30.732764057679304], [114.22325215031135, 30.732684942320695], [114.22297665031135, 30.732478442320694]], "yellowflower-2-test-8": [[114.22319284968866, 30.732764057679304], [114.22346834968866, 30.732970557679305], [114.22352765031135, 30.732891442320696], [114.22325215031135, 30.732684942320695]]}