{"yellowflower-10-test-0": [[114.21552234593854, 30.733135330657557], [114.21575565251413, 30.732731871272108], [114.21567496063705, 30.73268520995699], [114.21544165406145, 30.73308866934244]], "yellowflower-10-test-1": [[114.21575565251413, 30.73273187127211], [114.21598895908974, 30.732328411886662], [114.21590826721265, 30.732281750571538], [114.21567496063705, 30.732685209956987]], "yellowflower-10-test-2": [[114.21598895908974, 30.73232841188666], [114.21622226566534, 30.73192495250121], [114.21614157378825, 30.731878291186092], [114.21590826721265, 30.73228175057154]], "yellowflower-10-test-3": [[114.21622226566534, 30.73192495250121], [114.21645557224093, 30.73152149311576], [114.21637488036384, 30.731474831800643], [114.21614157378825, 30.731878291186092]], "yellowflower-10-test-4": [[114.21645557224093, 30.731521493115764], [114.21668887881654, 30.731118033730315], [114.21660818693945, 30.73107137241519], [114.21637488036384, 30.73147483180064]], "yellowflower-10-test-5": [[114.21668887881654, 30.73111803373031], [114.21692218539214, 30.73071457434486], [114.21684149351505, 30.73066791302974], [114.21660818693945, 30.731071372415194]], "yellowflower-10-test-6": [[114.21692218539214, 30.73071457434486], [114.21715549196773, 30.73031111495941], [114.21707480009064, 30.730264453644292], [114.21684149351505, 30.73066791302974]], "yellowflower-10-test-7": [[114.21715549196773, 30.730311114959413], [114.21738879854334, 30.729907655573964], [114.21730810666625, 30.72986099425884], [114.21707480009064, 30.73026445364429]], "yellowflower-10-test-8": [[114.21738879854334, 30.72990765557396], [114.21762210511893, 30.72950419618851], [114.21754141324185, 30.729457534873394], [114.21730810666625, 30.729860994258843]], "yellowflower-10-test-9": [[114.21762210511893, 30.72950419618851], [114.21785541169453, 30.729100736803062], [114.21777471981744, 30.729054075487944], [114.21754141324185, 30.729457534873394]], "yellowflower-10-test-10": [[114.21785541169453, 30.729100736803066], [114.21808871827014, 30.728697277417616], [114.21800802639305, 30.72865061610249], [114.21777471981744, 30.72905407548794]], "yellowflower-10-test-11": [[114.21808871827014, 30.728697277417613], [114.21832202484573, 30.728293818032164], [114.21824133296865, 30.728247156717046], [114.21800802639305, 30.728650616102495]], "yellowflower-10-test-12": [[114.21832202484573, 30.728293818032164], [114.21855533142133, 30.727890358646714], [114.21847463954424, 30.727843697331597], [114.21824133296865, 30.728247156717046]], "yellowflower-10-test-13": [[114.21855533142133, 30.727890358646718], [114.21878863799694, 30.72748689926127], [114.21870794611985, 30.727440237946144], [114.21847463954424, 30.727843697331593]], "yellowflower-10-test-14": [[114.21878863799694, 30.727486899261265], [114.21902194457253, 30.727083439875816], [114.21894125269544, 30.7270367785607], [114.21870794611985, 30.727440237946148]], "yellowflower-10-test-15": [[114.21902194457253, 30.727083439875816], [114.21925525114813, 30.726679980490363], [114.21917455927104, 30.726633319175246], [114.21894125269544, 30.7270367785607]], "yellowflower-10-test-16": [[114.21925525114813, 30.726679980490367], [114.21948855772374, 30.726276521104918], [114.21940786584665, 30.726229859789793], [114.21917455927104, 30.726633319175242]], "yellowflower-10-test-17": [[114.21948855772374, 30.726276521104914], [114.21972186429933, 30.725873061719465], [114.21964117242224, 30.725826400404348], [114.21940786584665, 30.726229859789797]], "yellowflower-10-test-18": [[114.21972186429933, 30.72587306171947], [114.21987560511894, 30.725607196188516], [114.21979491324186, 30.72556053487339], [114.21964117242224, 30.725826400404344]], "yellowflower-10-test-19": [[114.21987560511894, 30.725607196188513], [114.22002934593854, 30.72534133065756], [114.21994865406145, 30.725294669342443], [114.21979491324186, 30.725560534873395]]}