{"jyl-1-test-0": [[114.21295227238915, 30.727130658729415], [114.21339777238914, 30.727342658729416], [114.21344122761086, 30.727251341270584], [114.21299572761086, 30.727039341270583]], "jyl-1-test-1": [[114.21339777238914, 30.727342658729416], [114.21384327238914, 30.727554658729417], [114.21388672761086, 30.727463341270585], [114.21344122761086, 30.727251341270584]], "jyl-1-test-2": [[114.21384320357616, 30.727554625919755], [114.2142994627737, 30.727772590158157], [114.21434305562137, 30.72768133831865], [114.21388679642384, 30.727463374080248]], "jyl-1-test-3": [[114.2142994627737, 30.727772590158157], [114.21455383317493, 30.727894108038953], [114.2145974260226, 30.727802856199446], [114.21434305562137, 30.72768133831865]], "jyl-1-test-4": [[114.21455383317493, 30.727894108038953], [114.21480820357617, 30.728015625919753], [114.21485179642384, 30.727924374080246], [114.2145974260226, 30.727802856199446]], "jyl-1-test-5": [[114.21480763358626, 30.72801534922471], [114.21526112583336, 30.728239013362117], [114.21530585866086, 30.728148314912698], [114.21485236641375, 30.72792465077529]], "jyl-1-test-6": [[114.21526112583336, 30.728239013362117], [114.21554937970981, 30.72838118129341], [114.2155941125373, 30.728290482843992], [114.21530585866086, 30.728148314912698]], "jyl-1-test-7": [[114.21554937970981, 30.72838118129341], [114.21583763358626, 30.72852334922471], [114.21588236641375, 30.72843265077529], [114.2155941125373, 30.728290482843992]], "jyl-1-test-8": [[114.21583883791901, 30.72852392357753], [114.216208837919, 30.72869442357753], [114.216251162081, 30.728602576422468], [114.215881162081, 30.728432076422468]], "jyl-1-test-9": [[114.216208837919, 30.72869442357753], [114.216578837919, 30.728864923577532], [114.216621162081, 30.72877307642247], [114.216251162081, 30.728602576422468]], "jyl-1-test-10": [[114.21657766902065, 30.728864366683887], [114.21703133585952, 30.72908767647738], [114.21707599781821, 30.72899694310961], [114.21662233097935, 30.728773633316116]], "jyl-1-test-11": [[114.21703133585952, 30.72908767647738], [114.21731950244008, 30.729229521580635], [114.21736416439877, 30.729138788212865], [114.21707599781821, 30.72899694310961]], "jyl-1-test-12": [[114.21731950244008, 30.729229521580635], [114.21760766902065, 30.729371366683885], [114.21765233097935, 30.729280633316115], [114.21736416439877, 30.729138788212865]], "jyl-1-test-13": [[114.21760637065397, 30.72937070416817], [114.21767637065396, 30.729407704168167], [114.21772362934603, 30.72931829583183], [114.21765362934603, 30.729281295831832]], "jyl-1-test-14": [[114.21767764925018, 30.729408356946852], [114.21813121871871, 30.729631864445075], [114.21817592021834, 30.72954115055137], [114.21772235074981, 30.729317643053147]], "jyl-1-test-15": [[114.21813121871871, 30.729631864445075], [114.21858478818724, 30.7298553719433], [114.21862948968688, 30.729764658049596], [114.21817592021834, 30.72954115055137]], "jyl-1-test-16": [[114.21858478818724, 30.7298553719433], [114.21882321871871, 30.729972864445077], [114.21886792021834, 30.729882150551372], [114.21862948968688, 30.729764658049596]], "jyl-1-test-17": [[114.21882321871871, 30.729972864445077], [114.21906164925018, 30.730090356946853], [114.21910635074981, 30.729999643053148], [114.21886792021834, 30.729882150551372]], "jyl-1-test-18": [[114.21906123202736, 30.730090148954226], [114.21951272156963, 30.73031782868054], [114.2195582575149, 30.73022753077209], [114.21910676797263, 30.729999851045775]], "jyl-1-test-19": [[114.21951272156963, 30.73031782868054], [114.21996421111189, 30.730545508406856], [114.22000974705716, 30.730455210498405], [114.2195582575149, 30.73022753077209]], "jyl-1-test-20": [[114.21996421111189, 30.73054550840686], [114.22021272156962, 30.730670828680545], [114.2202582575149, 30.730580530772087], [114.22000974705716, 30.730455210498402]], "jyl-1-test-21": [[114.22021272156962, 30.730670828680545], [114.22046123202736, 30.73079614895423], [114.22050676797264, 30.730705851045773], [114.2202582575149, 30.730580530772087]]}