{"sjg-test-0": [[114.22042508267647, 30.730890288347087], [114.22087796614734, 30.731109461582378], [114.22092180079439, 30.7310188848882], [114.22046891732352, 30.73079971165291]], "sjg-test-1": [[114.22087796614734, 30.731109461582378], [114.22133084961823, 30.731328634817665], [114.22137468426527, 30.731238058123488], [114.22092180079439, 30.7310188848882]], "sjg-test-2": [[114.22133084961823, 30.731328634817665], [114.22006796614735, 30.730717461582376], [114.2201118007944, 30.7306268848882], [114.22137468426527, 30.731238058123488]], "sjg-test-3": [[114.22006796614735, 30.730717461582376], [114.21880508267648, 30.730106288347088], [114.21884891732353, 30.73001571165291], [114.2201118007944, 30.7306268848882]], "sjg-test-4": [[114.21879000764208, 30.730095102329958], [114.21873100764208, 30.73003110232996], [114.21880499235792, 30.729962897670042], [114.21886399235792, 30.73002689767004]], "sjg-test-5": [[114.21874592161639, 30.73004221004789], [114.21919802209528, 30.73026299388391], [114.2192421788625, 30.730172573788128], [114.2187900783836, 30.72995178995211]], "sjg-test-6": [[114.21919802209528, 30.73026299388391], [114.21841397185584, 30.7298801019659], [114.21845812862306, 30.72978968187012], [114.2192421788625, 30.730172573788128]], "sjg-test-7": [[114.21841397185584, 30.7298801019659], [114.21762992161639, 30.72949721004789], [114.21767407838361, 30.729406789952108], [114.21845812862306, 30.72978968187012]], "sjg-test-8": [[114.21762930216191, 30.729496902244914], [114.21753830216191, 30.729450902244917], [114.2175836978381, 30.729361097755085], [114.21767469783809, 30.729407097755082]], "sjg-test-9": [[114.2175390855993, 30.72945128976147], [114.217991983214, 30.729670433768586], [114.21803581201542, 30.729579854245646], [114.21758291440071, 30.72936071023853]], "sjg-test-10": [[114.217991983214, 30.729670433768586], [114.21728503440666, 30.729328361765027], [114.21732886320807, 30.729237782242087], [114.21803581201542, 30.729579854245646]], "sjg-test-11": [[114.21728503440666, 30.729328361765027], [114.2165780855993, 30.72898628976147], [114.2166219144007, 30.72889571023853], [114.21732886320807, 30.729237782242087]], "sjg-test-12": [[114.21657805128154, 30.72898627314006], [114.21621605128155, 30.72881077314006], [114.21625994871846, 30.72872022685994], [114.21662194871845, 30.72889572685994]], "sjg-test-13": [[114.21621605128155, 30.72881077314006], [114.21585405128154, 30.72863527314006], [114.21589794871845, 30.72854472685994], [114.21625994871846, 30.72872022685994]], "sjg-test-14": [[114.21585898418905, 30.728637348343483], [114.21579498418906, 30.728614348343484], [114.21582901581094, 30.72851965165652], [114.21589301581093, 30.728542651656518]], "sjg-test-15": [[114.2157899113555, 30.728612205035525], [114.21624196171074, 30.728833091480528], [114.21628613899973, 30.728742681409482], [114.2158340886445, 30.72852179496448]], "sjg-test-16": [[114.21624196171074, 30.728833091480528], [114.21669401206597, 30.729053977925535], [114.21673818935497, 30.72896356785449], [114.21628613899973, 30.728742681409482]], "sjg-test-17": [[114.21669401206597, 30.729053977925535], [114.21714606242122, 30.729274864370538], [114.21719023971022, 30.729184454299492], [114.21673818935497, 30.72896356785449]], "sjg-test-18": [[114.21714606242122, 30.729274864370538], [114.21759811277646, 30.729495750815545], [114.21764229006546, 30.7294053407445], [114.21719023971022, 30.729184454299492]], "sjg-test-19": [[114.21759811277646, 30.729495750815545], [114.2180501631317, 30.729716637260548], [114.21809434042069, 30.729626227189502], [114.21764229006546, 30.7294053407445]], "sjg-test-20": [[114.2180501631317, 30.729716637260548], [114.2154905372436, 30.728465921148036], [114.2155347145326, 30.72837551107699], [114.21809434042069, 30.729626227189502]], "sjg-test-21": [[114.2154905372436, 30.728465921148036], [114.2129309113555, 30.727215205035524], [114.2129750886445, 30.727124794964478], [114.2155347145326, 30.72837551107699]]}