{"sjg-test-0": [[114.21106824846075, 30.731150108132034], [114.21087716714041, 30.7315725927395], [114.21079267021892, 30.731534376475434], [114.21098375153926, 30.731111891867968]], "sjg-test-1": [[114.21087716714041, 30.7315725927395], [114.21068608582007, 30.731995077346966], [114.21060158889858, 30.7319568610829], [114.21079267021892, 30.731534376475434]], "sjg-test-2": [[114.21067280869549, 30.73201217301067], [114.21211519824736, 30.730857930706936], [114.21205725557503, 30.73078552311546], [114.21061486602316, 30.731939765419195]], "sjg-test-3": [[114.21204025360468, 30.730827769115614], [114.21183302669348, 30.729251042204414], [114.21192497330651, 30.729238957795584], [114.21213220021771, 30.730815684706783]], "sjg-test-4": [[114.21192062766143, 30.729265425252734], [114.21171637513407, 30.729681701867015], [114.21163311981121, 30.729640851361545], [114.21183737233856, 30.729224574747263]], "sjg-test-5": [[114.21171637513407, 30.729681701867015], [114.21151212260672, 30.7300979784813], [114.21142886728386, 30.73005712797583], [114.21163311981121, 30.729640851361545]], "sjg-test-6": [[114.21151212260672, 30.7300979784813], [114.21130787007937, 30.73051425509558], [114.2112246147565, 30.73047340459011], [114.21142886728386, 30.73005712797583]], "sjg-test-7": [[114.21129397142607, 30.73053099374002], [114.2132517822367, 30.729070217125738], [114.21319632422042, 30.728995889331387], [114.2112385134098, 30.73045666594567]], "sjg-test-8": [[114.21317834425321, 30.729040846990035], [114.21285829102465, 30.727163793761473], [114.21294970897534, 30.727148206238528], [114.21326976220391, 30.72902525946709]], "sjg-test-9": [[114.2129374240673, 30.72718813852626], [114.21301242406732, 30.727110138526257], [114.2129455759327, 30.72704586147374], [114.21287057593268, 30.727123861473743]], "sjg-test-10": [[114.21302092485465, 30.72709780807179], [114.21282284413675, 30.72751705661827], [114.21273899442747, 30.72747744047469], [114.21293707514536, 30.727058191928208]], "sjg-test-11": [[114.21282284413675, 30.72751705661827], [114.21262476341886, 30.727936305164757], [114.21254091370957, 30.727896689021176], [114.21273899442747, 30.72747744047469]], "sjg-test-12": [[114.21262476341886, 30.727936305164754], [114.21242668270098, 30.728355553711236], [114.2123428329917, 30.72831593756766], [114.21254091370957, 30.72789668902118]], "sjg-test-13": [[114.21242668270098, 30.72835555371124], [114.21222860198309, 30.72877480225772], [114.2121447522738, 30.72873518611414], [114.2123428329917, 30.728315937567658]], "sjg-test-14": [[114.21222860198309, 30.72877480225772], [114.21203052126519, 30.729194050804207], [114.2119466715559, 30.729154434660625], [114.2121447522738, 30.72873518611414]], "sjg-test-15": [[114.21203052126519, 30.729194050804207], [114.2118324405473, 30.72961329935069], [114.21174859083801, 30.729573683207107], [114.2119466715559, 30.729154434660625]], "sjg-test-16": [[114.2118324405473, 30.729613299350685], [114.21163435982942, 30.730032547897167], [114.21155051012013, 30.729992931753593], [114.21174859083801, 30.72957368320711]], "sjg-test-17": [[114.21162126655182, 30.730049055019318], [114.21557282576298, 30.72691180937987], [114.2155151626089, 30.726839178991995], [114.21156360339774, 30.72997642463144]], "sjg-test-18": [[114.21549872609147, 30.726885536733867], [114.21470973190553, 30.723329042547935], [114.21480026809446, 30.723308957452065], [114.2155892622804, 30.726865451637998]], "sjg-test-19": [[114.21479600774082, 30.723340642974325], [114.21500500774081, 30.722944642974326], [114.21492299225918, 30.722901357025677], [114.21471399225918, 30.723297357025675]], "sjg-test-20": [[114.21500574615324, 30.72294318196806], [114.21480392647267, 30.7233606435005], [114.21472043416618, 30.723320279564383], [114.21492225384675, 30.722902818031944]], "sjg-test-21": [[114.21480392647267, 30.723360643500495], [114.21460210679211, 30.72377810503293], [114.21451861448563, 30.723737741096823], [114.21472043416618, 30.723320279564387]], "sjg-test-22": [[114.21460210679211, 30.723778105032935], [114.21440028711154, 30.724195566565374], [114.21431679480506, 30.72415520262926], [114.21451861448563, 30.72373774109682]], "sjg-test-23": [[114.21440028711154, 30.72419556656537], [114.21419846743099, 30.72461302809781], [114.2141149751245, 30.724572664161702], [114.21431679480506, 30.724155202629262]], "sjg-test-24": [[114.21419846743099, 30.724613028097814], [114.21399664775042, 30.725030489630253], [114.21391315544393, 30.724990125694138], [114.2141149751245, 30.7245726641617]], "sjg-test-25": [[114.21399664775042, 30.72503048963025], [114.21379482806987, 30.725447951162685], [114.21371133576338, 30.725407587226577], [114.21391315544393, 30.72499012569414]], "sjg-test-26": [[114.21379482806987, 30.72544795116269], [114.2135930083893, 30.72586541269513], [114.21350951608281, 30.725825048759013], [114.21371133576338, 30.725407587226574]], "sjg-test-27": [[114.2135930083893, 30.725865412695125], [114.21339118870874, 30.726282874227564], [114.21330769640225, 30.726242510291456], [114.21350951608281, 30.725825048759017]], "sjg-test-28": [[114.21339118870874, 30.726282874227568], [114.21318936902817, 30.726700335760004], [114.21310587672168, 30.72665997182389], [114.21330769640225, 30.726242510291453]], "sjg-test-29": [[114.21318936902817, 30.72670033576], [114.21298754934762, 30.72711779729244], [114.21290405704113, 30.72707743335633], [114.21310587672168, 30.726659971823892]], "sjg-test-30": [[114.21297488496734, 30.727133730468392], [114.21855212020137, 30.722642653572418], [114.21849395665544, 30.722570423284406], [114.21291672142141, 30.72706150018038]], "sjg-test-31": [[114.21847766375076, 30.722616087866875], [114.21744462532236, 30.71770754943846], [114.21753537467764, 30.717688450561536], [114.21856841310604, 30.72259698898995]], "sjg-test-32": [[114.21753253959471, 30.71771645090855], [114.21764053959471, 30.71746745090855], [114.21755546040528, 30.717430549091446], [114.21744746040528, 30.717679549091446]], "sjg-test-33": [[114.21763990388227, 30.71746885240025], [114.21744137987976, 30.717887891222976], [114.2173575721152, 30.717848186422476], [114.21755609611772, 30.71742914759975]], "sjg-test-34": [[114.21744137987976, 30.717887891222976], [114.21724285587725, 30.718306930045703], [114.21715904811269, 30.718267225245203], [114.2173575721152, 30.717848186422476]], "sjg-test-35": [[114.21724285587725, 30.718306930045706], [114.21704433187472, 30.718725968868434], [114.21696052411016, 30.718686264067927], [114.21715904811269, 30.7182672252452]], "sjg-test-36": [[114.21704433187472, 30.71872596886843], [114.2168458078722, 30.71914500769116], [114.21676200010765, 30.71910530289066], [114.21696052411016, 30.71868626406793]], "sjg-test-37": [[114.21683298571976, 30.719161270469645], [114.21932917878665, 30.717151212235553], [114.21927101532698, 30.717078981878085], [114.21677482226009, 30.719089040112177]], "sjg-test-38": [[114.21925432388204, 30.717122504459596], [114.21886122682523, 30.714693407402777], [114.21895277317478, 30.714678592597224], [114.21934587023159, 30.717107689654043]], "sjg-test-39": [[114.21905406932622, 30.714462382209053], [114.21915856932623, 30.714220382209053], [114.21907343067377, 30.714183617790948], [114.21896893067377, 30.714425617790948]], "sjg-test-40": [[114.21914255388867, 30.714240012420884], [114.21965416426218, 30.713882622794387], [114.21960105648483, 30.71380659795262], [114.21908944611133, 30.714163987579116]], "sjg-test-41": [[114.21967354363163, 30.71385094984856], [114.21977893325813, 30.713087339475056], [114.21968706674188, 30.713074660524942], [114.21958167711539, 30.713838270898446]], "sjg-test-42": [[114.21977488676667, 30.71310088848722], [114.21957600189448, 30.713519756153843], [114.21949222836115, 30.713479979179404], [114.21969111323334, 30.71306111151278]],