{"sjg-test-0": [[30.731169216264068, 114.21111049692149], [30.731591700871533, 114.21091941560115], [30.7315152683434, 114.21075042175818], [30.731092783735935, 114.21094150307852]],
 "sjg-test-1": [[30.731591700871533, 114.21091941560115], [30.732014185479, 114.21072833428082], [30.731937752950866, 114.21055934043784], [30.7315152683434, 114.21075042175818]],
  "sjg-test-2": [[30.732048376806407, 114.21070178003167], [30.730894134502673, 114.21214416958354], [30.730749319319724, 114.21202828423885], [30.731903561623458, 114.21058589468699]], "sjg-test-3": [[30.73083381132003, 114.21199428029819], [30.72925708440883, 114.21178705338698], [30.72923291559117, 114.21197094661301], [30.73080964250237, 114.21217817352421]], "sjg-test-4": [[30.72928585050547, 114.21196225532286], [30.72970212711975, 114.2117580027955], [30.72962042610881, 114.21159149214978], [30.729204149494528, 114.21179574467713]], "sjg-test-5": [[30.72970212711975, 114.2117580027955], [30.730118403734036, 114.21155375026815], [30.730036702723094, 114.21138723962243], [30.72962042610881, 114.21159149214978]], "sjg-test-6": [[30.730118403734036, 114.21155375026815], [30.730534680348317, 114.2113494977408], [30.730452979337375, 114.21118298709507], [30.730036702723094, 114.21138723962243]], "sjg-test-7": [[30.730568157637197, 114.2113217004342], [30.729107381022914, 114.21327951124482], [30.72895872543421, 114.2131685952123], [30.730419502048495, 114.21121078440167]], "sjg-test-8": [[30.729048640751508, 114.21313263527786], [30.727171587522946, 114.2128125820493], [30.727140412477056, 114.2129954179507], [30.729017465705617, 114.21331547117926]], "sjg-test-9": [[30.727220277052517, 114.2129708481346], [30.727142277052515, 114.21304584813461], [30.727013722947483, 114.2129121518654], [30.727091722947485, 114.21283715186539]], "sjg-test-10": [[30.727117616143577, 114.2130628497093], [30.72753686469006, 114.21286476899141], [30.727457632402903, 114.21269706957281], [30.72703838385642, 114.2128951502907]], "sjg-test-11": [[30.72753686469006, 114.21286476899141], [30.727956113236544, 114.21266668827352], [30.72787688094939, 114.21249898885492], [30.727457632402903, 114.21269706957281]], "sjg-test-12": [[30.727956113236544, 114.21266668827352], [30.728375361783026, 114.21246860755564], [30.72829612949587, 114.21230090813704], [30.72787688094939, 114.21249898885492]], "sjg-test-13": [[30.728375361783026, 114.21246860755564], [30.72879461032951, 114.21227052683774], [30.728715378042352, 114.21210282741914], [30.72829612949587, 114.21230090813704]], "sjg-test-14": [[30.72879461032951, 114.21227052683774], [30.729213858875994, 114.21207244611985], [30.729134626588838, 114.21190474670125], [30.728715378042352, 114.21210282741914]], "sjg-test-15": [[30.729213858875994, 114.21207244611985], [30.729633107422476, 114.21187436540195], [30.72955387513532, 114.21170666598336], [30.729134626588838, 114.21190474670125]], "sjg-test-16": [[30.729633107422476, 114.21187436540195], [30.730052355968958, 114.21167628468407], [30.729973123681802, 114.21150858526548], [30.72955387513532, 114.21170666598336]], "sjg-test-17": [[30.730085370213253, 114.21165009812886], [30.726948124573806, 114.21560165734002], [30.72680286379806, 114.21548633103185], [30.729940109437507, 114.2115347718207]], "sjg-test-18": [[30.726895579281802, 114.21545345799701], [30.72333908509587, 114.21466446381108], [30.72329891490413, 114.21484553618892], [30.726855409090064, 114.21563453037486]], "sjg-test-19": [[30.72336228594865, 114.21483701548165], [30.72296628594865, 114.21504601548165], [30.722879714051352, 114.21488198451834], [30.72327571405135, 114.21467298451834]], "sjg-test-20": [[30.722963363936117, 114.21504749230648], [30.723380825468556, 114.21484567262591], [30.723300097596326, 114.21467868801294], [30.722882636063886, 114.21488050769351]], "sjg-test-21": [[30.723380825468553, 114.21484567262591], [30.72379828700099, 114.21464385294536], [30.723717559128765, 114.21447686833238], [30.72330009759633, 114.21467868801294]], "sjg-test-22": [[30.723798287000992, 114.21464385294536], [30.72421574853343, 114.21444203326479], [30.7241350206612, 114.21427504865181], [30.72371755912876, 114.21447686833238]], "sjg-test-23": [[30.724215748533428, 114.21444203326479], [30.724633210065868, 114.21424021358423], [30.724552482193644, 114.21407322897126], [30.724135020661205, 114.21427504865181]], "sjg-test-24": [[30.72463321006587, 114.21424021358423], [30.72505067159831, 114.21403839390366], [30.72496994372608, 114.21387140929069], [30.72455248219364, 114.21407322897126]], "sjg-test-25": [[30.725050671598307, 114.21403839390366], [30.725468133130743, 114.21383657422311], [30.72538740525852, 114.21366958961013], [30.724969943726084, 114.21387140929069]], "sjg-test-26": [[30.725468133130747, 114.21383657422311], [30.725885594663186, 114.21363475454254], [30.725804866790956, 114.21346776992957], [30.725387405258516, 114.21366958961013]], "sjg-test-27": [[30.725885594663183, 114.21363475454254], [30.726303056195622, 114.21343293486198], [30.7262223283234, 114.21326595024901], [30.72580486679096, 114.21346776992957]], "sjg-test-28": [[30.726303056195626, 114.21343293486198], [30.72672051772806, 114.21323111518142], [30.72663978985583, 114.21306413056844], [30.726222328323395, 114.21326595024901]], "sjg-test-29": [[30.726720517728058, 114.21323111518142], [30.727137979260498, 114.21302929550086], [30.727057251388274, 114.21286231088789], [30.726639789855835, 114.21306413056844]], "sjg-test-30": [[30.727169845612398, 114.2130039667403], [30.722678768716424, 114.21858120197433], [30.7225343081404, 114.21846487488247], [30.727025385036374, 114.21288763964844]], "sjg-test-31": [[30.72262563730534, 114.21843228907314], [30.71771709887693, 114.21739925064473], [30.71767890112307, 114.21758074935526], [30.722587439551482, 114.21861378778367]], "sjg-test-32": [[30.717734901817103, 114.21757507918943], [30.717485901817103, 114.21768307918943], [30.717412098182894, 114.21751292081056], [30.717661098182894, 114.21740492081057]], "sjg-test-33": [[30.717488704800502, 114.21768180776454], [30.71790774362323, 114.21748328376202], [30.717828334022222, 114.21731566823294], [30.717409295199495, 114.21751419223546]], "sjg-test-34": [[30.71790774362323, 114.21748328376202], [30.718326782445956, 114.21728475975951], [30.71824737284495, 114.21711714423043], [30.717828334022222, 114.21731566823294]], "sjg-test-35": [[30.718326782445956, 114.21728475975951], [30.718745821268683, 114.21708623575698], [30.718666411667677, 114.2169186202279], [30.71824737284495, 114.21711714423043]], "sjg-test-36": [[30.718745821268683, 114.21708623575698], [30.719164860091414, 114.21688771175447], [30.719085450490407, 114.21672009622539], [30.718666411667677, 114.2169186202279]], "sjg-test-37": [[30.71919738564838, 114.2168620674496], [30.717187327414287, 114.21935826051649], [30.71704286669935, 114.21924193359715], [30.719052924933443, 114.21674574053026]], "sjg-test-38": [[30.717129911862376, 114.21920855070726], [30.714700814805557, 114.21881545365045], [30.714671185194444, 114.21899854634955], [30.717100282251263, 114.21939164340637]], "sjg-test-39": [[30.71448076441811, 114.21909663865245], [30.71423876441811, 114.21920113865245], [30.71416523558189, 114.21903086134755], [30.71440723558189, 114.21892636134754]], "sjg-test-40": [[30.71427802484177, 114.21916910777735], [30.713920635215274, 114.21968071815085], [30.71376858553173, 114.21957450259616], [30.71412597515823, 114.21906289222265]], "sjg-test-41": [[30.71385728932362, 114.21971947688974], [30.713093678950116, 114.21982486651623], [30.71306832104988, 114.21964113348378], [30.713831931423385, 114.21953574385728]], "sjg-test-42": [[30.71312077697444, 114.21981677353332], [30.713539644641063, 114.21961788866113], [30.713460090692184, 114.2194503415945], [30.71304122302556, 114.21964922646669]],