{"sjg-3-test-0": [[114.2182969093418, 30.734272213317738], [114.2183559093418, 30.734133213317737], [114.2182700906582, 30.73409678668226], [114.2182110906582, 30.734235786682262]], "sjg-3-test-1": [[114.21835204008914, 30.734140471709708], [114.21860675718624, 30.733750070818196], [114.21852867700794, 30.73369912739878], [114.21827395991085, 30.73408952829029]], "sjg-3-test-2": [[114.21860675718624, 30.733750070818196], [114.2188388986377, 30.73339427126395], [114.2187608184594, 30.733343327844533], [114.21852867700794, 30.73369912739878]], "sjg-3-test-3": [[114.2188388986377, 30.73339427126395], [114.21907104008915, 30.73303847170971], [114.21899295991085, 30.73298752829029], [114.2187608184594, 30.733343327844533]], "sjg-3-test-4": [[114.21907107103603, 30.733038424214833], [114.21927507103602, 30.732724924214835], [114.21919692896397, 30.73267407578517], [114.21899292896397, 30.732987575785167]], "sjg-3-test-5": [[114.21927507103602, 30.732724924214835], [114.21947907103603, 30.732411424214835], [114.21940092896398, 30.73236057578517], [114.21919692896397, 30.73267407578517]], "sjg-3-test-6": [[114.21948491416343, 30.732398476156476], [114.21948991416342, 30.732380476156475], [114.21940008583657, 30.732355523843527], [114.21939508583658, 30.732373523843528]], "sjg-3-test-7": [[114.21948399984745, 30.73239353328132], [114.21973933266065, 30.732003534806775], [114.21966133296573, 30.731952468244135], [114.21940600015253, 30.73234246671868]], "sjg-3-test-8": [[114.21973933266064, 30.732003534806775], [114.21999466547385, 30.731613536332226], [114.21991666577895, 30.731562469769585], [114.21966133296574, 30.731952468244135]], "sjg-3-test-9": [[114.21999466547386, 30.731613536332226], [114.22019533266067, 30.731307034806772], [114.22011733296574, 30.73125596824413], [114.21991666577894, 30.731562469769585]], "sjg-3-test-10": [[114.22019533266067, 30.731307034806772], [114.22039599984747, 30.73100053328132], [114.22031800015255, 30.73094946671868], [114.22011733296574, 30.73125596824413]], "sjg-3-test-11": [[114.22039656142115, 30.730999654218977], [114.22048256142115, 30.730861654218977], [114.22040343857886, 30.730812345781025], [114.22031743857886, 30.730950345781025]], "sjg-3-test-12": [[114.22048432794655, 30.73085856240689], [114.22053232794654, 30.730766562406888], [114.22044967205345, 30.73072343759311], [114.22040167205346, 30.73081543759311]], "sjg-3-test-13": [[114.22052936663945, 30.73077147522489], [114.22064736663945, 30.730600475224893], [114.22057063336054, 30.73054752477511], [114.22045263336054, 30.730718524775106]], "sjg-3-test-14": [[114.22064804606661, 30.730599462545793], [114.22090267152454, 30.730209001879626], [114.2208245793913, 30.73015807678804], [114.22056995393338, 30.730548537454208]], "sjg-3-test-15": [[114.22090267152454, 30.730209001879626], [114.22115729698247, 30.72981854121346], [114.22107920484923, 30.729767616121876], [114.2208245793913, 30.73015807678804]], "sjg-3-test-16": [[114.22115729698247, 30.72981854121346], [114.22138817152454, 30.729464501879626], [114.2213100793913, 30.72941357678804], [114.22107920484923, 30.729767616121876]], "sjg-3-test-17": [[114.22138817152454, 30.729464501879626], [114.22161904606662, 30.729110462545794], [114.22154095393338, 30.72905953745421], [114.2213100793913, 30.72941357678804]], "sjg-3-test-18": [[114.22161916219552, 30.72911028357171], [114.22187199791261, 30.728718661616494], [114.22179367352157, 30.728668094473075], [114.22154083780448, 30.729059716428292]], "sjg-3-test-19": [[114.22187199791261, 30.728718661616494], [114.22212483362972, 30.728327039661277], [114.22204650923868, 30.72827647251786], [114.22179367352157, 30.728668094473075]], "sjg-3-test-20": [[114.22212483362972, 30.728327039661277], [114.22235749791261, 30.72796666161649], [114.22227917352157, 30.727916094473073], [114.22204650923868, 30.72827647251786]], "sjg-3-test-21": [[114.22235749791261, 30.72796666161649], [114.22259016219552, 30.72760628357171], [114.22251183780448, 30.72755571642829], [114.22227917352157, 30.727916094473073]], "sjg-3-test-22": [[114.22259124725413, 30.727604517973802], [114.22268824725414, 30.727438517973802], [114.22260775274587, 30.7273914820262], [114.22251075274586, 30.7275574820262]], "sjg-3-test-23": [[114.22268874863829, 30.727437638132315], [114.22269374863828, 30.727428638132313], [114.22261225136171, 30.727383361867684], [114.22260725136172, 30.727392361867686]]}