{"sjg-1-test-0": [[114.21106824846075, 30.731150108132034], [114.21125932978109, 30.73072762352457], [114.2111748328596, 30.730689407260503], [114.21098375153926, 30.731111891867968]], "sjg-1-test-1": [[114.21125932978109, 30.730727623524572], [114.21145041110144, 30.730305138917107], [114.21136591417995, 30.730266922653033], [114.2111748328596, 30.7306894072605]], "sjg-1-test-2": [[114.21145041110144, 30.730305138917103], [114.21164149242178, 30.729882654309638], [114.21155699550029, 30.72984443804557], [114.21136591417995, 30.730266922653037]], "sjg-1-test-3": [[114.21164149242178, 30.729882654309638], [114.21178137044126, 30.729573381220835], [114.21169687351977, 30.72953516495677], [114.21155699550029, 30.72984443804557]], "sjg-1-test-4": [[114.21178137044126, 30.729573381220835], [114.21192124846074, 30.729264108132032], [114.21183675153925, 30.729225891867966], [114.21169687351977, 30.72953516495677]], "sjg-1-test-5": [[114.21192062766143, 30.729265425252734], [114.21212488018878, 30.728849148638453], [114.21204162486592, 30.728808298132982], [114.21183737233856, 30.729224574747263]], "sjg-1-test-6": [[114.21212488018878, 30.728849148638453], [114.21232913271614, 30.728432872024168], [114.21224587739327, 30.728392021518697], [114.21204162486592, 30.728808298132982]], "sjg-1-test-7": [[114.21232913271614, 30.728432872024168], [114.21253338524349, 30.728016595409887], [114.21245012992063, 30.727975744904416], [114.21224587739327, 30.728392021518697]], "sjg-1-test-8": [[114.21253338524349, 30.728016595409887], [114.21273763777084, 30.727600318795602], [114.21265438244798, 30.72755946829013], [114.21245012992063, 30.727975744904416]], "sjg-1-test-9": [[114.21273763777084, 30.727600318795602], [114.21284163271613, 30.72738837202417], [114.21275837739327, 30.7273475215187], [114.21265438244798, 30.72755946829013]], "sjg-1-test-10": [[114.21284163271613, 30.72738837202417], [114.21294562766143, 30.727176425252736], [114.21286237233856, 30.727135574747265], [114.21275837739327, 30.7273475215187]], "sjg-1-test-11": [[114.2129374240673, 30.72718813852626], [114.21301242406732, 30.727110138526257], [114.2129455759327, 30.72704586147374], [114.21287057593268, 30.727123861473743]], "sjg-1-test-12": [[114.21302092485465, 30.72709780807179], [114.21321900557254, 30.726678559525308], [114.21313515586326, 30.726638943381726], [114.21293707514536, 30.727058191928208]], "sjg-1-test-13": [[114.21321900557254, 30.726678559525308], [114.21341708629043, 30.726259310978822], [114.21333323658115, 30.72621969483524], [114.21313515586326, 30.726638943381726]], "sjg-1-test-14": [[114.21341708629043, 30.72625931097882], [114.21361516700831, 30.725840062432336], [114.21353131729903, 30.725800446288762], [114.21333323658115, 30.726219694835244]], "sjg-1-test-15": [[114.21361516700831, 30.72584006243234], [114.21381324772621, 30.725420813885854], [114.21372939801692, 30.725381197742273], [114.21353131729903, 30.72580044628876]], "sjg-1-test-16": [[114.21381324772621, 30.725420813885854], [114.2140113284441, 30.725001565339372], [114.21392747873482, 30.72496194919579], [114.21372939801692, 30.725381197742273]], "sjg-1-test-17": [[114.2140113284441, 30.725001565339372], [114.214209409162, 30.724582316792887], [114.21412555945271, 30.724542700649305], [114.21392747873482, 30.72496194919579]], "sjg-1-test-18": [[114.214209409162, 30.724582316792887], [114.21440748987989, 30.724163068246405], [114.2143236401706, 30.724123452102823], [114.21412555945271, 30.724542700649305]], "sjg-1-test-19": [[114.21440748987989, 30.7241630682464], [114.21460557059777, 30.723743819699916], [114.21452172088848, 30.72370420355634], [114.2143236401706, 30.724123452102827]], "sjg-1-test-20": [[114.21460557059777, 30.72374381969992], [114.21470124772621, 30.723541313885853], [114.21461739801693, 30.72350169774227], [114.21452172088848, 30.723704203556338]], "sjg-1-test-21": [[114.21470124772621, 30.72354131388585], [114.21479692485464, 30.723338808071787], [114.21471307514535, 30.723299191928213], [114.21461739801693, 30.723501697742275]], "sjg-1-test-22": [[114.21479600774082, 30.723340642974325], [114.21500500774081, 30.722944642974326], [114.21492299225918, 30.722901357025677], [114.21471399225918, 30.723297357025675]], "sjg-1-test-23": [[114.21500574615324, 30.72294318196806], [114.21520756583381, 30.72252572043562], [114.21512407352732, 30.722485356499504], [114.21492225384675, 30.722902818031944]], "sjg-1-test-24": [[114.21520756583381, 30.722525720435616], [114.21540938551436, 30.722108258903177], [114.21532589320788, 30.72206789496707], [114.21512407352732, 30.722485356499508]], "sjg-1-test-25": [[114.21540938551436, 30.72210825890318], [114.21561120519493, 30.72169079737074], [114.21552771288844, 30.721650433434625], [114.21532589320788, 30.722067894967065]], "sjg-1-test-26": [[114.21561120519493, 30.721690797370737], [114.21581302487549, 30.7212733358383], [114.215729532569, 30.721232971902193], [114.21552771288844, 30.72165043343463]], "sjg-1-test-27": [[114.21581302487549, 30.721273335838305], [114.21601484455606, 30.720855874305865], [114.21593135224957, 30.72081551036975], [114.215729532569, 30.72123297190219]], "sjg-1-test-28": [[114.21601484455606, 30.72085587430586], [114.21621666423661, 30.720438412773422], [114.21613317193012, 30.720398048837314], [114.21593135224957, 30.720815510369754]], "sjg-1-test-29": [[114.21621666423661, 30.720438412773426], [114.21641848391718, 30.720020951240986], [114.2163349916107, 30.71998058730487], [114.21613317193012, 30.72039804883731]], "sjg-1-test-30": [[114.21641848391718, 30.720020951240983], [114.21662030359774, 30.719603489708543], [114.21653681129125, 30.719563125772435], [114.2163349916107, 30.719980587304875]], "sjg-1-test-31": [[114.21662030359774, 30.719603489708547], [114.2168221232783, 30.719186028176107], [114.21673863097182, 30.719145664239992], [114.21653681129125, 30.71956312577243]], "sjg-1-test-32": [[114.2168221232783, 30.719186028176107], [114.21702394295887, 30.71876856664367], [114.21694045065239, 30.718728202707556], [114.21673863097182, 30.719145664239992]], "sjg-1-test-33": [[114.21702394295887, 30.718768566643668], [114.21722576263943, 30.71835110511123], [114.21714227033294, 30.71831074117512], [114.21694045065239, 30.71872820270756]], "sjg-1-test-34": [[114.21722576263943, 30.718351105111232], [114.21737875439634, 30.718034643539642], [114.21729526208985, 30.717994279603527], [114.21714227033294, 30.718310741175117]], "sjg-1-test-35": [[114.21737875439634, 30.718034643539642], [114.21753174615324, 30.717718181968056], [114.21744825384675, 30.71767781803194], [114.21729526208985, 30.717994279603527]], "sjg-1-test-36": [[114.21753253959471, 30.71771645090855], [114.21764053959471, 30.71746745090855], [114.21755546040528, 30.717430549091446], [114.21744746040528, 30.717679549091446]], "sjg-1-test-37": [[114.21763990388227, 30.71746885240025], [114.21783842788479, 30.71704981357752], [114.21775462012023, 30.71701010877702], [114.21755609611772, 30.71742914759975]], "sjg-1-test-38": [[114.21783842788479, 30.71704981357752], [114.2180369518873, 30.71663077475479], [114.21795314412275, 30.71659106995429], [114.21775462012023, 30.71701010877702]], "sjg-1-test-39": [[114.2180369518873, 30.716630774754794], [114.21823547588983, 30.716211735932067], [114.21815166812527, 30.71617203113156], [114.21795314412275, 30.716591069954287]], "sjg-1-test-40": [[114.21823547588983, 30.716211735932063], [114.21843399989234, 30.715792697109336], [114.21835019212779, 30.715752992308836], [114.21815166812527, 30.716172031131563]], "sjg-1-test-41": [[114.21843399989234, 30.715792697109336], [114.21863252389485, 30.71537365828661], [114.2185487161303, 30.71533395348611], [114.21835019212779, 30.715752992308836]], "sjg-1-test-42": [[114.21863252389485, 30.715373658286612], [114.21879071388857, 30.715039755343433], [114.21870690612401, 30.715000050542926], [114.2185487161303, 30.715333953486105]],