{"wanwan-test-0": [[114.212827, 30.72747], [114.212861, 30.727383], [114.213011, 30.727321], [114.213011, 30.727395]], "wanwan-test-1": [[114.213011, 30.727321], [114.213011, 30.727395], [114.213265, 30.727364], [114.213199, 30.727315]]}